{"cameraMode":{"drawMode":0,"name":"Shaded","section":"Shading Mode"},"sceneLighting":true,"audioPlay":false,"sceneViewState":{"showFog":false,"showMaterialUpdate":false,"showSkybox":false,"showFlares":false,"showImageEffects":false,"showParticleSystems":false},"in2DMode":false,"pivot":{"x":578.9765014648438,"y":424.484130859375,"z":255.68658447265626},"rotation":{"x":0.0228074099868536,"y":-0.0033175251446664335,"z":0.0000720779353287071,"w":0.9997408986091614},"size":388.1813049316406,"orthographic":false}