{"cameraMode":{"drawMode":0,"name":"Shaded","section":"Shading Mode"},"sceneLighting":true,"audioPlay":false,"sceneViewState":{"showFog":true,"showMaterialUpdate":false,"showSkybox":true,"showFlares":true,"showImageEffects":true,"showParticleSystems":true},"in2DMode":false,"pivot":{"x":627.9989624023438,"y":249.96139526367188,"z":-69.98117065429688},"rotation":{"x":0.01018889993429184,"y":-0.015901271253824235,"z":-0.00016198506637010723,"w":-0.9998219609260559},"size":236.59414672851563,"orthographic":false}